Import,NumberCalled
java.util.HashMap,1
javax.imageio.ImageIO,1
java.awt.Graphics2D,1
java.awt.Font,1
java.awt.Image,1
javax.sound.sampled.AudioInputStream,1
dev.marianoalipi.balloonbattle.entities.Enemy,2
java.awt.Canvas,1
dev.marianoalipi.balloonbattle.entities.Player,2
javax.swing.JFrame,1
java.util.ArrayList,6
java.awt.Graphics,11
dev.marianoalipi.balloonbattle.Animation,4
dev.marianoalipi.balloonbattle.levels.Platform,1
dev.marianoalipi.balloonbattle.Assets,5
javax.sound.sampled.AudioSystem,1
java.awt.AlphaComposite,1
dev.marianoalipi.balloonbattle.levels.Level,1
java.util.Arrays,1
java.awt.image.BufferStrategy,1
dev.marianoalipi.balloonbattle.menu.Menu,1
java.awt.event.KeyEvent,2
java.awt.event.KeyListener,2
dev.marianoalipi.balloonbattle.menu.MainMenu,1
java.awt.GraphicsEnvironment,1
java.io.IOException,1
java.awt.Toolkit,1
java.awt.image.BufferedImage,6
javax.sound.sampled.Clip,1
java.awt.Rectangle,5
java.awt.Dimension,1
java.util.List,1
dev.marianoalipi.balloonbattle.Sound,4
javax.sound.sampled.FloatControl,1
dev.marianoalipi.balloonbattle.Game,9
dev.marianoalipi.balloonbattle.InputHandler,4
java.awt.Color,4
